Maria,278,Rua street 13,kolaiqo
Adelaide,896,Santa Monica 78,lopuisj
Jose Marcos,987,La Cuca 123,poijndo
Daniel,145,Porto Rico 23,racabra
Kathelyn,227,Paris 119,chicchi
Lourenzo,456,Dinamarca 167,polilol
Carlos,897,Alfavillle 98,lojugyt
Carlos Jose,876,Roger Buffet 67,ikojugf
Daniel,167,America 34,fuiguih
João,324,Rua das Flores 123,abcdxyz
Maria,823,Av. Brasil 456,ijklmno
Carlos,157,Rua do Sol 789,ghijklq
Ana,945,Alameda dos Anjos 101,pqrstuw
Pedro,204,Rua das Acácias 678,uvwxzab
Lucia,631,Av. das Américas 234,zyxwvut
Felipe,852,Travessa do Carvalho 345,abcdefg
Clara,413,Rua Nova 567,hijklmn
Rafael,762,Alameda das Palmeiras 890,opqrstu
Gabriel,539,Av. Central 234,abcdefx
Luciana,372,Rua dos Jardins 672,wxyzabc
Felipe,826,Av. Paulista 890,mnopqrt
Beatriz,509,Rua do Lago 356,abcdefh
Eduardo,197,Alameda do Mar 123,hjklmno
Mariana,903,Rua das Águas 989,qrstuvz
Isabel,215,Av. dos Trabalhadores 102,abcdegh
André,741,Alameda dos Bosques 254,rstuvwx
Tatiane,412,Rua do Paraíso 883,mnoplqr
Fernando,635,Rua do Norte 789,fghijkl
Valéria,952,Av. das Nações 102,xabcdlm
Lucas,381,Rua das Palmeiras 567,wfgtyxz
Sofia,542,Av. Rio Branco 231,pollyjo
Thiago,671,Rua dos Pioneiros 890,abcdefz
Gabriela,853,Av. Atlântica 123,lmnvxcd
Bruno,463,Rua do Sol 234,pqwerty
Marcio,195,Alameda das Acácias 345,xyzabcd
Carla,215,Rua da Paz 876,ijklmwx
Felipe,784,Rua do Campo 890,rtulnxy
Patrícia,563,Rua das Estrelas 567,abcdefy
Ricardo,834,Av. das Flores 678,vzxyabc
Joana,920,Alameda das Águas 234,lmnxvfg
Vitor,346,Travessa do Ouro 567,abcdfgh
Luana,189,Rua das Palmeiras 678,abcdefgh
Renan,762,Av. Central 345,klmnxyz
Bárbara,514,Rua do Sol 101,pqrsxyz
Vinícius,631,Av. Paulista 902,jkklmno
Flávia,729,Rua dos Jasmins 456,uvwxyzs
Carlos Alberto,942,Av. Brasil 123,wxyzabc
Natália,314,Rua da Liberdade 567,ghijklm
Arthur,538,Rua do Ouro 890,lopqrst
